"serial_number","id","gallery_industry"
1,IK001,ten1.jpg
2,IK001,ten2.jpg
1,IK033,adek.JPG
1,IK010,Aisha.JPG
1,IK007,Ala.JPG
1,IK041,amb.JPG
1,IK036,Ar.JPG
1,IK005,Asli.JPG
1,IK016,Asril.JPG
1,IK022,Aussie.jpg
1,IK003,bas.JPG
1,IK038,Mis.JPG
1,IK052,Bunda.JPG
1,IK020,Bun.JPG
1,IK034,cay.JPG
1,IK008,cand.jpg
1,IK032,Futri.JPG
1,IK023,Guci.JPG
1,IK042,KBor.JPG
1,IK011,Jam.JPG
1,IK043,maju.JPG
1,IK047,desi.JPG
1,IK046,maya.JPG
1,IK044,rima.JPG
1,IK045,yani.JPG
1,IK048,yen.JPG
1,IK039,linda.JPG
1,IK012,mil.JPG
1,IK017,min.JPG
1,IK028,Nafa.JPG
1,IK021,Neng.jpg
1,IK024,syar.JPG
1,IK037,Puti.JPG
1,IK009,Rafa.jpg
1,IK029,gum.JPG
1,IK040,Winda.JPG
1,IK031,Yessi.JPG
1,IK014,Silvia.JPG
1,IK035,Sonya.JPG
1,IK002,aznd.JPG
1,IK019,muj.JPG
1,IK004,Hesna.JPG
1,IK015,peso.JPG
1,IK013,Syifa.JPG
