"serial_number","id","gallery_souvenir"
1,SO001,id1.jpg
4,SO001,id4.jpg
2,SO001,id2.jpg
3,SO001,id3.jpg
1,SO007,"1.anan.JPG"
2,SO007,"2.ana2.JPG"
3,SO007,"3.ana3.JPG"
1,SO034,"1.amk1.JPG"
2,SO034,"2.amk.JPG"
1,SO025,"1.don1.jpg"
1,SO030,"1.kap1.JPG"
2,SO030,"2.kap2.JPG"
3,SO030,"3.kap3.JPG"
4,SO030,"4.kap4.JPG"
1,SO028,"1.kel1.JPG"
2,SO028,"2.kel2.JPG"
1,SO016,"1.bnto.JPG"
1,SO018,"1.eli1.JPG"
2,SO018,"2.eli2.JPG"
1,SO013,"1.kip1.JPG"
1,SO026,"1.lim1.JPG"
2,SO026,"2.lim.JPG"
3,SO026,"3.lim.JPG"
4,SO026,"4.lim.JPG"
1,SO015,"1.t.JPG"
2,SO015,"2.t.JPG"
1,SO006,"1.um.jpg"
2,SO006,"2.um.jpg"
3,SO006,"3.um.jpg"
1,SO004,"1.umi.jpg"
2,SO004,"2.umi.jpg"
3,SO004,"3.umi.jpg"
4,SO004,"4.umi.jpg"
1,SO021,"1.wid.JPG"
2,SO021,"2.wid.JPG"
1,SO017,"1.rom.JPG"
1,SO011,SO0111.jpg
